Source,Target
Source,Target
luzcortadora,@Jamon_Lovers:
M_LopezOrtega,@Jamon_Lovers:
Isabelis_5,@elpozobienstar:
SayitLoudBcn,@Rebelmadiaq:
fogonesnogales,@Jamon_Lovers:
juncal3punto0,@HrnosSanchez:
ginacordovap,@HrnosSanchez:
cornella20,@LosJamonesLH:
perrunillastree,@planvex:
ilovealpujarra,@tiendaalpujarra:
ACSearus,@Jamon_Lovers:
jachajigo,@planvex:
HamBot2,@7IkVsTIo:
AMIGASTRONOMIKS,@conchacrespo:
BereniceSPAIN,@LaUniondeJabugo:
JamonesEnrique,@EligetuIberico:
JuanPedro_SR,@planvex:
RODRIGONAVAJO,@tierradesabor:
IgnasiRecetas,@monstruorecetas:
ElisaCruzParejo,@planvex:
fmg_nokia,@tierradesabor:
Jamon_Lovers,@Jamon_Lovers:
Altheaxenagab,@planvex:
miliomendralejo,@planvex:
Lucelly31,@MintParker:
fuegodemortero,@LonuestroOv:
jorgequerol,@summumgolf:
juanant1972diy,@monstruorecetas:
laestacionrural,@Extremadura_tur:
comoju,@LonuestroOv:
LaTertuliaMx_,@MintParker:
dnaveneno,@MintParker:
lamaletademaggi,@paladealo:
Ibericos_Simon,@Ibericos_Simon:
entrecasaco,COCINERAYMADRE:
caren_he,@MintParker:
MentitasParker,@MintParker:
nellyparra_ES,@SalondeGourmets:
Fyxel10,@MintParker:
genandaluz,@IbericosCOVAP:
recetix,@COCINERAYMADRE:
jarosagarcia,@tiendaalpujarra:
cordobaactiva,@IbericosCOVAP:
oiltogetherAove,@estanisOchoa:
LateCadiz,@carmeniq:
castill_tony,@joselitos_:
castro20081960,@Jamon_Lovers:
castro20081960,@EligetuIberico:
castro20081960,@M_LopezOrtega:
castro20081960,@MencasGourmet:
AytoJerezCros,@Extremadura_tur:
HamBot2,@latavina:
Ainhoa_casi,@Extremadura_tur:
BeatrizFernnd,@QueridasFashion:
HamBot2,@AsadorDublin:
TheGuardianCBcn,@Grup_Olive:
isaresina,@Santa_Teresa:
mokologue,@COCINERAYMADRE:
MJtopsecret,@elpozobienstar:
Sheila98421993,@moniberic:
juanant1972diy,@COCINERAYMADRE:
LaEncarnacionAR,@Extremadura_tur:
GoizaldeGomez,@joselitos_:
BiologuieLehrer,@Alimen_21:
mjmr2014,@Extremadura_tur:
JoseMaAngulo,@elblogdeceleste:
PrvdentivsJamon,@elblogdeceleste:
anidelboleto61,@Extremadura_tur:
mundoiberico,@mundoiberico:
TuJamonDirecto,@Delicatessenred:
corte_acuchillo,@Jamon_Lovers:
corte_acuchillo,@elblogdeceleste:
corte_acuchillo,@elblogdeceleste:
GoizaldeGomez,@JamonJoselito:
CCjamondelbueno,@Jamon_Lovers:
M_LopezOrtega,@Jamon_Lovers:
FonsidelasHeras,@vinagreando:
remaloan,@Carnicasmulas:
joellblaughton1,@COCINERAYMADRE:
yendoporlavida,@Extremadura_tur:
AlimentariaBCN,@alcytamad:
Institutdelcava,@DO_Cava:
jorge0viedo,@Carnicasmulas:
Leona70549466,@Extremadura_tur:
Cacelome,@latavina:
lamaletademaggi,@COCINERAYMADRE:
Trucosdhogar,@COCINERAYMADRE:
pmdpmd2,@NoblezaCharra:
adribrennus,@EX_BACCHUS:
evamariacano,@COCINERAYMADRE:
romygamy2,@COCINERAYMADRE:
mujerdehoy_Vir,@COCINERAYMADRE:
LaPatrii,@Extremadura_tur:
TozappingPortal,@wwwtozapping:
recetix,@COCINERAYMADRE:
perrunillastree,@Extremadura_tur:
soniajuradops,@QueridasFashion:
RubenFincaGaGo,@NoblezaCharra:
macuvillar,@Extremadura_tur:
Culipitri,@Extremadura_tur:
Paco_jo,@Extremadura_tur:
Gemamdzf,@Extremadura_tur:
STEMcooking,@Extremadura_tur:
pinovillar,@Extremadura_tur:
jpijuann,@elblogdeceleste:
jamonadvisor,@Extremadura_tur:
EncantosCR,@Extremadura_tur:
SemergenEx,@Extremadura_tur:
norbamedia,@Extremadura_tur:
emerita2018,@Extremadura_tur:
BorralloJavier,@Extremadura_tur:
vitukagg03,@Extremadura_tur:
favlighthouse,@LosJamonesLH:
AdaugMt,@Extremadura_tur:
alex_tuitt,@Extremadura_tur:
JuntaEx_Mundo,@Extremadura_tur:
HamBot2,@Extremadura_tur:
ParqueArboleda_,@DeEnriqueTomas:
jarosagarcia,@ilovealpujarra:
ArteOliva,@amosdecasa:
Honorio_Cordoba,@amosdecasa:
ilovealpujarra,@ilovealpujarra:
dnaveneno,@LaTertuliaMx_:
evamariacano,@RecetasExpress_:
amparodelarosa,@EligetuIberico:
Olaya68842448,@JamonBlazquez:
HamBot2,@elblogdeceleste:
daviiiiiiii8,@jamonesescalona:
juan32609469,@elpozobienstar:
mariadisfraces,@CavaSantaClara:
jrdetejada,@EligetuIberico:
Cortegana_tur,@jamoneslazo:
ElPozoAlimenta,@elpozobienstar:
CocinityManager,@La_Finojosa:
JoseEnriqueBR,@jamoneslazo:
Manglanopons,@jamoneslazo:
ClubOroMesaAnd,@jamoneslazo:
buranga,@elpozobienstar:
Cerrillo7Maria,@Cuevadeliberico:
_Daniel_Camacho,@Cuevadeliberico:
jorgesan1269,@diegohdezslicer:
fsanchezfer,@EligetuIberico:
PatrimonioAlava,@jamonesbasurde:
SebasGmoreno,@JamonCorte:
vinagreando,@ELeclerc_Esp:
radiohuetor,@rubennunezdiaz:
InstEmbalagens,@Empacke_Design:
donchavito,@Rebelmadiaq:
ASAJASEVILLA,@EligetuIberico:
corte_acuchillo,@EligetuIberico:
Jamon_Lovers,@M_LopezOrtega:
59Daz,@COCINERAYMADRE:
jorgevenjuto,@diegohdezslicer:
juanant1972diy,@COCINERAYMADRE:
cocinadeleticia,@COCINERAYMADRE:
LaCocinaDelSur,@CasaAlbaGourmet:
navarretinto,@EligetuIberico:
7189GLR,@Al_Zahara_:
BRodriguez2018,@Delicatessenred:
_Amy777,@Al_Zahara_:
FoodingMood,@zampatelmundo:
morenosusan,@JamonOnline:
silvi_jimenez,@JamonBlazquez:
InmaTenor,@Empacke_Design:
basmaticweb,@zampatelmundo:
consorciojamon,@CdeCarnica:
JuanGarces_,@LosJamonesLH:
CortadorJamonCC,@corteycataiber:
MilaMChef3,@QueridasFashion:
PIJORRIN,@ElPozoAlimenta:
wastewin7,@QueridasFashion:
labellatierruca,@zampatelmundo:
viajeporelmundo,@Hotel_Torres:
rinconderachel,@QueridasFashion:
JamonLaValla,@caviardetrufa:
MarionaLucas,@IMPRO_PRIMO:
LaGalamperna,@Carnicasmulas:
bellezapercaleo,@QueridasFashion:
JavierAbascal1,@LalolaGastrobar:
RedkenCoC,@jamonBEHER:
ruiz393,@LalolaGastrobar:
crisromero,@artedepatanegra:
marialopez170,@caviardetrufa:
genandaluz,@jamonBEHER:
genandaluz,@LalolaGastrobar:
Giarmamo,@caviardetrufa:
gourtfood,@lizarran_precia:
DANIELASCORT,@lizarran_precia:
aligarcialobato,@QueridasFashion:
BenitekaD,@Extremadura_tur:
santirodrigomez,@artedepatanegra:
Vasllego_Detect,@SalamancaNegra:
juanant1972diy,@Cucharaenmaleta:
JuanLuisMoren11,@JuanLuisMoren11:
mariviespinosa,@cadecordobaAE:
VentePrivee_ES,@caviardetrufa:
dolospedroches,@cadecordobaAE:
titanazul,@DeEnriqueTomas:
HamBot2,@jamon_tartessos:
JuntaCordoba,@cadecordobaAE:
LenRoldn,@QueridasFashion:
seralgalvez,@EscuelaJamon:
HamBot2,@EscuelaJamon:
Jamon_Lovers,@EscuelaJamon:
Arinaneibericos,@EligetuIberico:
HamBot2,@cortijoolivar:
canelaYclavo_AC,@sanchezalcaraz_:
may_bellot,@sanchezalcaraz_:
Llorente67,@sanchezalcaraz_:
planvex,@Extremadura_tur:
EBDrinks,@aragonalimentos:
FerValmaseda,@CiudadesAVE:
SpainInRussia,@CiudadesAVE:
1ed06e2568ac4d8,@QueridasFashion:
Maria_Rocio_L,@QueridasFashion:
TurismoBadajoz,@Extremadura_tur:
byjuliaserrano,@QueridasFashion:
naranjasfoios,@QueridasFashion:
_Lamauri,@QueridasFashion:
masqueropa,@QueridasFashion:
flashmodainout,@QueridasFashion:
MJ18768923,@JamonBlazquez:
Ariencilla,@QueridasFashion:
Isa199434,@Extremadura_tur:
CosasDeRosa,@QueridasFashion:
romanorvm,@JaujaCocinaMex:
BereniceOBADIA,@QueridasFashion:
magdaaparicio76,@CarlosJRubiofm:
Fansdelaradio,@CarlosJRubiofm:
CarlosJRubiofm,@CarlosJRubiofm:
dreamsatfifty,@QueridasFashion:
m_ontoba,@QueridasFashion:
AIAljama,@QueridasFashion:
AlmaModaAldia,@QueridasFashion:
1001zapatos,@QueridasFashion:
alfchoice,@QueridasFashion:
aeceriber,@EligetuIberico:
aeceriber,@EligetuIberico:
Nesy21,@QueridasFashion:
baezmalyo,@baezmalyo:
WhynotShopper,@QueridasFashion:
Stardivarius_,@QueridasFashion:
LifeLoversBcn,@QueridasFashion:
cincuentayque,@QueridasFashion:
MartinezSomalo,@Jamon_Lovers:
CGS99749777,@FCRCLM:
LatinoFoodFest,@JaujaCocinaMex:
laestacionrural,@Extremadura_tur:
Yomimeconmigo7,@Extremadura_tur:
HamBot2,@Extremadura_tur:
chuspons,@QueridasFashion:
HamBot2,@48horasBadajoz:
AngieGuillenMua,@QueridasFashion:
CarmenMarySM,@QueridasFashion:
Juan29864466,@FCRCLM:
HamBot2,@LosJamonesLH:
jonathangasparc,@JamonBlazquez:
jonathangasparc,@JamonBlazquez:
HamBot2,@CarnesMontoro:
sandrita111,@LUISBRAVOMARTN:
elisacreams,@QueridasFashion:
ArbonaidaAove,@QueridasFashion:
M_LopezOrtega,@Jamon_Lovers:
chary_serrano,@QueridasFashion:
rincondeika,@QueridasFashion:
RMrquez,@EligetuIberico:
jamonluisbravo,@LUISBRAVOMARTN:
labialesypigmen,@QueridasFashion:
1982nala,@QueridasFashion:
el_secretos,@QueridasFashion:
oiltogetherAove,@QueridasFashion:
labotigaderub,@QueridasFashion:
SusanaOlympia,@QueridasFashion:
mai_maikshine,@QueridasFashion:
ARTPhotoMakeUp,@QueridasFashion:
amaliagaroca,@QueridasFashion:
moraorodriguez,@FCRCLM:
JuanGarces_,@LosJamonesLH:
Daniel_vgarcia,@HortoGourmet:
cornella20,@LosJamonesLH:
Neodatameat,@Jamon_Lovers:
siridiano,@HortoGourmet:
Bernard_GD,@EligetuIberico:
Bernard_GD,@EligetuIberico:
CanalTello,@FCRCLM:
TurismoJarote,@CiudadesAVE:
khan330p3,@FestaFamiliaEIJ:
1MEICK3,@rosa_concha:
maisgrelos,@guiategalicia:
seralgalvez,@EscuelaJamon:
GuerreroRafael_,@SalamancaNegra:
gourtfood,@TuJamonDirecto:
FAGallardo,@diariosevilla:
japonsfornelino,@EligetuIberico:
aldomaher,@SalamancaNegra:
jonathangasparc,@JamonBlazquez:
MiriamBaucells,@EligetuIberico:
chary_serrano,@belloterra:
usal,@SalamancaNegra:
IberSPAIN,@belloterra:
EFALASERNA,@Sabor_Manchego:
MinistroOviedo,@SalamancaNegra:
PacoBescos,@SalamancaNegra:
recomtogadaraya,@SalamancaNegra:
PamplonaNegra,@SalamancaNegra:
LosJamonesLH,@Jamon_Lovers:
CordobaShops,@laslagartosas:
genandaluz,@SMedianatursai:
under70_es,@summumgolf:
estrellazul95,@JaujaCocinaMex:
jesus_jamon,@Jamon_Lovers:
SPCJCORTADORES,@EligetuIberico:
jf86phythe,@Jamon_Lovers:
JaviFigueroa22,@nutricuriosa:
VictorCRCLM,@FCRCLM:
bloginterrobang,@PacoBescos:
PaolaMacea6,@JaujaCocinaMex:
GaonaAula,@ucoidep:
QueridasFashion,@La_Finojosa:
AbrahamPriego96,@ucoidep:
Tannatgourmet,@La_Finojosa:
PradosRepresent,@vinaguarena:
jonathangasparc,@JamonBlazquez:
Atram_sinprisa,@PacoBescos:
ismael_veypo,@FranPCdJ:
CeciliaRoRu,@ondacerolarioja:
saltodepagina,@PacoBescos:
PAKEBEAS,@ondacerolarioja:
nefe164,@ELaHoguera:
HamBot2,@SMedianatursai:
alejandro_DelDo,@SMedianatursai:
armateo,@flamagoibericos:
agacujjamon,@Jamon_Lovers:
navarretinto,@EligetuIberico:
magdaaparicio76,@CarlosJRubiofm:
HamBot2,@flamagoibericos:
AytoJerezCros,@Jamon_Lovers:
cornella20,@LosJamonesLH:
CarlosJRubiofm,@CarlosJRubiofm:
aplusmk,@mundoiberico:
EssentiaRest,@EssentiaRest:
iglecristo,@CaradeTortilla1:
Paolo83400112,@tierradesabor:
Paolo83400112,@eljamonbellota:
HamBot2,@carniceriaflore:
fogonesnogales,@Jamon_Lovers:
M_LopezOrtega,@Jamon_Lovers:
Marcos_Munilla,@ELaHoguera:
JoseMiguezCid,@Jamon_Lovers:
dvillarrib,@summumgolf:
SalamancaNegra,@PacoBescos:
recetasdecarol,@PrincipePio:
HamBot2,@summumgolf:
manzanares_es,@Sabor_Manchego:
kruela2010,@COCINERAYMADRE:
David_GPuerta,@Hostalremona:
barreratoni2,@COCINERAYMADRE:
MartinezSomalo,@CdeCarnica:
HosteleriaCu,@EssentiaRest:
bapobapocom,@ColmadoIberico:
AMBADANAROBA,@Hostalremona:
OscarBrias,@ondacerolarioja:
cocinadeleticia,@COCINERAYMADRE:
radioweblatina,@RutaGourmet:
navarretinto,@SalondeGourmets:
FER_COMPEAN,@mirolloes:
silvi_jimenez,@JamonBlazquez:
marco_mseyerm,@garcia_carrion:
gloritamarin,@COCINERAYMADRE:
dvilchezr,@MdelaConcordia:
Mj_cruz_27,@marco_mseyerm:
juanant1972diy,@COCINERAYMADRE:
Matarromera,@psastrefanclub:
HamBot2,@EmbutidosGL:
MBPARTNERSPAIN,@MdelaConcordia:
SPCJCORTADORES,@JamonBlazquez:
jonathangasparc,@JamonBlazquez:
Fedecarne1,@flamagoibericos:
JosFran79430680,@CaradeTortilla1:
Fansdelaradio,@CarlosJRubiofm:
gema078,@CarlosJRubiofm:
CanalTello,@GarciaBaquero:
pilar_balado,@tierradesabor:
AlbaCruzMas,@tierradesabor:
miguelcid02,@EmergenciasSev:
corte_acuchillo,@EligetuIberico:
Lunaysol1965,@LosJamonesLH:
rosauradezerpa,@LosJamonesLH:
sonia_mcr,@LosJamonesLH:
henryyellibro,@LosJamonesLH:
Nesy21,@LosJamonesLH:
d_baldomeros,@mirolloes:
MiriamBaucells,@EligetuIberico:
HugoGallardoGil,@EmergenciasSev:
FoodtechBCN,@solproyectos:
BlogHedonista,@Mariacosbel:
La_Yenyi,@EmergenciasSev:
JuanGarces_,@LosJamonesLH:
BTravelShow,@LosJamonesLH:
VagamundosViaje,@LosJamonesLH:
TBnetEs,@LosJamonesLH:
AngelTarisfety,@EmergenciasSev:
jhonpeterpivito,@cortadoradjamon:
jmfdzbrito,@EmergenciasSev:
IvanGondola,@EmergenciasSev:
espegomez8,@EmergenciasSev:
isabelita130558,@EmergenciasSev:
alvaro111982,@EmergenciasSev:
nena6_marisa,@cerealtalent:
mariadisfraces,@CavaSantaClara:
